__id,start,end,interviewee_mill_owner,mills_number_milling_machines,machines_machine_count,Packaging_flour_fortified,Packaging_flour_fortified_standard,Location_addr_region,Location_addr_district,Location_mill_gps_coordinates,commodity_milled,mill_type,operational_mill,energy_source,img_machines,non_operational,machine_id,geo,Data_Source
,,,,,,yes,,Arusha,Arusha_District_Council,,,,,,,,,"-3.3863685,36.7041664",SANKU
,,,,,,yes,,Arusha,Arusha_City_Council,,,,,,,,,"-3.405696079,36.7363996",SANKU
,,,,,,yes,,Arusha,Arusha_City_Council,,,,,,,,,"-3.383117629,36.65982823",SANKU
,,,,,,yes,,Arusha,Arusha_City_Council,,,,,,,,,"-3.418892446,36.65617809",SANKU
,,,,,,yes,,Arusha,Arusha_City_Council,,,,,,,,,"-3.3824898,36.6812833",SANKU
,,,,,,yes,,Arusha,Arusha_City_Council,,,,,,,,,"-3.3741417,36.8252667",SANKU
,,,,,,yes,,Arusha,Arusha_City_Council,,,,,,,,,"-3.39591,36.6649517",SANKU
,,,,,,yes,,Arusha,Arusha_City_Council,,,,,,,,,"-3.384074047,36.68413592",SANKU
,,,,,,yes,,Arusha,Arumeru_District_Council,,,,,,,,,"-3.37055169,36.78107791",SANKU
,,,,,,yes,,Arusha,Arumeru_District_Council,,,,,,,,,"-3.4084883,36.8264717",SANKU
,,,,,,yes,,Arusha,Arumeru_District_Council,,,,,,,,,"-3.375932557,36.85091524",SANKU
,,,,,,yes,,Dar_es_Salaam,Ilala_Municipal_Council,,,,,,,,,"-6.9715265,39.0964226",SANKU
,,,,,,yes,,Dar_es_Salaam,Ilala_Municipal_Council,,,,,,,,,"-6.978027401,39.21039041",SANKU
,,,,,,yes,,Dar_es_Salaam,Ilala_Municipal_Council,,,,,,,,,"-6.8278393,39.2119585",SANKU
,,,,,,yes,,Dar_es_Salaam,Ilala_Municipal_Council,,,,,,,,,"-7.02933,39.12322",SANKU
,,,,,,yes,,Dar_es_Salaam,Ilala_Municipal_Council,,,,,,,,,"-6.8447283,39.1643734",SANKU
,,,,,,yes,,Dar_es_Salaam,Ilala_Municipal_Council,,,,,,,,,"-6.9148774,39.1890576",SANKU
,,,,,,yes,,Dar_es_Salaam,Ilala_Municipal_Council,,,,,,,,,"-6.825473071,39.20994817",SANKU
,,,,,,yes,,Dar_es_Salaam,Ilala_Municipal_Council,,,,,,,,,"-7.0048315,39.0791362",SANKU
,,,,,,yes,,Dar_es_Salaam,Ilala_Municipal_Council,,,,,,,,,"-6.9384812,39.1808011",SANKU
,,,,,,yes,,Dar_es_Salaam,Ilala_Municipal_Council,,,,,,,,,"-6.9893271,39.1590151",SANKU
,,,,,,yes,,Dar_es_Salaam,Ilala_Municipal_Council,,,,,,,,,"-6.8433727,39.1479893",SANKU
,,,,,,yes,,Dar_es_Salaam,Ilala_Municipal_Council,,,,,,,,,"-6.921742,39.1437166",SANKU
,,,,,,yes,,Dar_es_Salaam,Ilala_Municipal_Council,,,,,,,,,"-6.8952866,39.1671505",SANKU
,,,,,,yes,,Dar_es_Salaam,Ilala_Municipal_Council,,,,,,,,,"-6.963001667,39.17557833",SANKU
,,,,,,yes,,Dar_es_Salaam,Ilala_Municipal_Council,,,,,,,,,"-6.9545061,39.1779159",SANKU
,,,,,,yes,,Dar_es_Salaam,Ilala_Municipal_Council,,,,,,,,,"-6.910159,39.1919142",SANKU
,,,,,,yes,,Dar_es_Salaam,Ilala_Municipal_Council,,,,,,,,,"-6.872008333,39.14189167",SANKU
,,,,,,yes,,Dar_es_Salaam,Ilala_Municipal_Council,,,,,,,,,"-6.9056832,39.2220066",SANKU
,,,,,,yes,,Dar_es_Salaam,Ilala_Municipal_Council,,,,,,,,,"-6.8195518,39.2187292",SANKU
,,,,,,yes,,Dar_es_Salaam,Ilala_Municipal_Council,,,,,,,,,"-6.8241069,39.2269059",SANKU
,,,,,,yes,,Dar_es_Salaam,Ilala_Municipal_Council,,,,,,,,,"-7.0189556,39.0644543",SANKU
,,,,,,yes,,Dar_es_Salaam,Ilala_Municipal_Council,,,,,,,,,"-6.9198969,39.1707191",SANKU
,,,,,,yes,,Dar_es_Salaam,Kigamboni_Municipal_Council,,,,,,,,,"-6.8606931,39.3106001",SANKU
,,,,,,yes,,Dar_es_Salaam,Kigamboni_Municipal_Council,,,,,,,,,"-6.7149992,39.2094007",SANKU
,,,,,,yes,,Dar_es_Salaam,Kigamboni_Municipal_Council,,,,,,,,,"-6.670725,39.2066195",SANKU
,,,,,,yes,,Dar_es_Salaam,Kigamboni_Municipal_Council,,,,,,,,,"-6.6698025,39.174799",SANKU
,,,,,,yes,,Dar_es_Salaam,Kigamboni_Municipal_Council,,,,,,,,,"-6.79608,39.235825",SANKU
,,,,,,yes,,Dar_es_Salaam,Kigamboni_Municipal_Council,,,,,,,,,"-6.63432,39.17414",SANKU
,,,,,,yes,,Dar_es_Salaam,Kigamboni_Municipal_Council,,,,,,,,,"-6.7965257,39.2385692",SANKU
,,,,,,yes,,Dar_es_Salaam,Kigamboni_Municipal_Council,,,,,,,,,"-6.6883882,39.1955339",SANKU
,,,,,,yes,,Dar_es_Salaam,Kigamboni_Municipal_Council,,,,,,,,,"-6.767852094,39.21928517",SANKU
,,,,,,yes,,Dar_es_Salaam,Kigamboni_Municipal_Council,,,,,,,,,"-6.796758333,39.23582",SANKU
,,,,,,yes,,Dar_es_Salaam,Kigamboni_Municipal_Council,,,,,,,,,"-6.796129462,39.23568621",SANKU
,,,,,,yes,,Dar_es_Salaam,Kigamboni_Municipal_Council,,,,,,,,,"-6.705125352,39.21680709",SANKU
,,,,,,yes,,Dar_es_Salaam,Kigamboni_Municipal_Council,,,,,,,,,"-6.7962526,39.2390056",SANKU
,,,,,,yes,,Dar_es_Salaam,Kigamboni_Municipal_Council,,,,,,,,,"-6.7966463,39.2373883",SANKU
,,,,,,yes,,Dar_es_Salaam,Kigamboni_Municipal_Council,,,,,,,,,"-6.6185993,39.1002585",SANKU
,,,,,,yes,,Dar_es_Salaam,Kigamboni_Municipal_Council,,,,,,,,,"-6.6993062,39.2072525",SANKU
,,,,,,yes,,Dar_es_Salaam,Kigamboni_Municipal_Council,,,,,,,,,"-6.69622,39.15089167",SANKU
,,,,,,yes,,Dar_es_Salaam,Temeke_Municipal_Council,,,,,,,,,"-6.9183161,39.2631528",SANKU
,,,,,,yes,,Dar_es_Salaam,Temeke_Municipal_Council,,,,,,,,,"-6.8934384,39.2988443",SANKU
,,,,,,yes,,Dar_es_Salaam,Temeke_Municipal_Council,,,,,,,,,"-6.9785199,39.2104601",SANKU
,,,,,,yes,,Dar_es_Salaam,Temeke_Municipal_Council,,,,,,,,,"-6.8957147,39.2187403",SANKU
,,,,,,yes,,Dar_es_Salaam,Temeke_Municipal_Council,,,,,,,,,"-6.9145217,39.264208",SANKU
,,,,,,yes,,Dar_es_Salaam,Ubungo_Municipal_Council,,,,,,,,,"-6.836563329,39.11778098",SANKU
,,,,,,yes,,Dar_es_Salaam,Ubungo_Municipal_Council,,,,,,,,,"-6.790623333,39.16737",SANKU
,,,,,,yes,,Dar_es_Salaam,Ubungo_Municipal_Council,,,,,,,,,"-6.787528466,39.13645062",SANKU
,,,,,,yes,,Dar_es_Salaam,Ubungo_Municipal_Council,,,,,,,,,"-6.7951352,39.2335765",SANKU
,,,,,,yes,,Dar_es_Salaam,Ubungo_Municipal_Council,,,,,,,,,"-6.7967723,39.23476684",SANKU
,,,,,,yes,,Dar_es_Salaam,Ubungo_Municipal_Council,,,,,,,,,"-6.7979898,39.2326608",SANKU
,,,,,,yes,,Dar_es_Salaam,Ubungo_Municipal_Council,,,,,,,,,"-6.8120611,39.2338779",SANKU
,,,,,,yes,,Dar_es_Salaam,Ubungo_Municipal_Council,,,,,,,,,"-6.744426667,39.09437333",SANKU
,,,,,,yes,,Dar_es_Salaam,Ubungo_Municipal_Council,,,,,,,,,"-6.8201686,39.1247617",SANKU
,,,,,,yes,,Dar_es_Salaam,Ubungo_Municipal_Council,,,,,,,,,"-6.7616887,39.089491",SANKU
,,,,,,yes,,Dar_es_Salaam,Ubungo_Municipal_Council,,,,,,,,,"-6.7091611,39.1577383",SANKU
,,,,,,yes,,Dar_es_Salaam,Ubungo_Municipal_Council,,,,,,,,,"-6.796655,39.23309833",SANKU
,,,,,,yes,,Dar_es_Salaam,Ubungo_Municipal_Council,,,,,,,,,"-6.7972341,39.2339719",SANKU
,,,,,,yes,,Dar_es_Salaam,Ubungo_Municipal_Council,,,,,,,,,"-6.768926667,39.1475",SANKU
,,,,,,yes,,Dar_es_Salaam,Ubungo_Municipal_Council,,,,,,,,,"-6.797041667,39.23413333",SANKU
,,,,,,yes,,Dar_es_Salaam,Ubungo_Municipal_Council,,,,,,,,,"-6.797163896,39.23458057",SANKU
,,,,,,yes,,Dar_es_Salaam,Ubungo_Municipal_Council,,,,,,,,,"-6.79769,39.23240167",SANKU
,,,,,,yes,,Dar_es_Salaam,Ubungo_Municipal_Council,,,,,,,,,"-6.79643267,39.23507636",SANKU
,,,,,,yes,,Dar_es_Salaam,Ubungo_Municipal_Council,,,,,,,,,"-6.796178333,39.23464667",SANKU
,,,,,,yes,,Dar_es_Salaam,Ubungo_Municipal_Council,,,,,,,,,"-6.79598666,39.23523328",SANKU
,,,,,,yes,,Dar_es_Salaam,Ubungo_Municipal_Council,,,,,,,,,"-6.796176667,39.23341",SANKU
,,,,,,yes,,Dar_es_Salaam,Ubungo_Municipal_Council,,,,,,,,,"-6.7970722,39.2340663",SANKU
,,,,,,yes,,Dar_es_Salaam,Ubungo_Municipal_Council,,,,,,,,,"-6.797723163,39.23316515",SANKU
,,,,,,yes,,Dar_es_Salaam,Ubungo_Municipal_Council,,,,,,,,,"-6.795476667,39.23329667",SANKU
,,,,,,yes,,Dar_es_Salaam,Ubungo_Municipal_Council,,,,,,,,,"-6.7943914,39.2337349",SANKU
,,,,,,yes,,Dar_es_Salaam,Ubungo_Municipal_Council,,,,,,,,,"-6.796927288,39.23394816",SANKU
,,,,,,yes,,Dar_es_Salaam,Ubungo_Municipal_Council,,,,,,,,,"-6.7155102,39.1642735",SANKU
,,,,,,yes,,Dodoma,Chamwino_District_Council,,,,,,,,,"-6.1381099,36.0294033",SANKU
,,,,,,yes,,Dodoma,Dodoma_City_Council,,,,,,,,,"-6.1929163,35.7310485",SANKU
,,,,,,yes,,Dodoma,Dodoma_City_Council,,,,,,,,,"-6.171834776,35.76651625",SANKU
,,,,,,yes,,Dodoma,Dodoma_City_Council,,,,,,,,,"-6.165797406,35.70574996",SANKU
,,,,,,yes,,Dodoma,Dodoma_City_Council,,,,,,,,,"-6.2266043,35.760419",SANKU
,,,,,,yes,,Dodoma,Dodoma_City_Council,,,,,,,,,"-6.1270215,35.8221887",SANKU
,,,,,,yes,,Dodoma,Dodoma_City_Council,,,,,,,,,"-6.171507,35.6998648",SANKU
,,,,,,yes,,Dodoma,Dodoma_City_Council,,,,,,,,,"-6.15107364,35.70929049",SANKU
,,,,,,yes,,Dodoma,Dodoma_City_Council,,,,,,,,,"-5.94630747,35.97171649",SANKU
,,,,,,yes,,Dodoma,Dodoma_City_Council,,,,,,,,,"-6.1715096,35.6998144",SANKU
,,,,,,yes,,Dodoma,Dodoma_City_Council,,,,,,,,,"-6.1682738,35.7677111",SANKU
,,,,,,yes,,Dodoma,Dodoma_City_Council,,,,,,,,,"-6.121297097,35.83389544",SANKU
,,,,,,yes,,Dodoma,Dodoma_City_Council,,,,,,,,,"-6.176140548,35.74005707",SANKU
,,,,,,yes,,Dodoma,Dodoma_City_Council,,,,,,,,,"-6.161027358,35.71201472",SANKU
,,,,,,yes,,Dodoma,Dodoma_City_Council,,,,,,,,,"-6.135898,35.7455266",SANKU
,,,,,,yes,,Dodoma,Dodoma_City_Council,,,,,,,,,"-6.1618838,35.8398427",SANKU
,,,,,,yes,,Dodoma,Dodoma_City_Council,,,,,,,,,"-6.2363663,35.7437615",SANKU
,,,,,,yes,,Dodoma,Dodoma_City_Council,,,,,,,,,"-6.1398537,35.8363909",SANKU
,,,,,,yes,,Dodoma,Dodoma_City_Council,,,,,,,,,"-6.1448013,35.7090168",SANKU
,,,,,,yes,,Dodoma,Dodoma_City_Council,,,,,,,,,"-6.1545172,35.7400153",SANKU
,,,,,,yes,,Dodoma,Dodoma_City_Council,,,,,,,,,"-6.1479077,35.7479031",SANKU
,,,,,,yes,,Dodoma,Dodoma_City_Council,,,,,,,,,"-6.179127446,35.73872528",SANKU
,,,,,,yes,,Dodoma,Dodoma_City_Council,,,,,,,,,"-6.1545092,35.7398769",SANKU
,,,,,,yes,,Dodoma,Dodoma_City_Council,,,,,,,,,"-6.143256667,35.69984833",SANKU
,,,,,,yes,,Dodoma,Dodoma_City_Council,,,,,,,,,"-6.1596343,35.7122957",SANKU
,,,,,,yes,,Dodoma,Dodoma_City_Council,,,,,,,,,"-6.157215,35.730655",SANKU
,,,,,,yes,,Dodoma,Dodoma_City_Council,,,,,,,,,"-6.1049402,35.7463191",SANKU
,,,,,,yes,,Dodoma,Dodoma_City_Council,,,,,,,,,"-6.15733,35.70907167",SANKU
,,,,,,yes,,Dodoma,Dodoma_City_Council,,,,,,,,,"-6.2045745,35.7292284",SANKU
,,,,,,yes,,Dodoma,Dodoma_City_Council,,,,,,,,,"-6.1975096,35.7513776",SANKU
,,,,,,yes,,Dodoma,Dodoma_City_Council,,,,,,,,,"-6.192366667,35.751625",SANKU
,,,,,,yes,,Dodoma,Kondoa_Town_Council,,,,,,,,,"-4.898255006,35.78084227",SANKU
,,,,,,yes,,Dodoma,Kongwa_District_Council,,,,,,,,,"-6.196783333,36.41993",SANKU
,,,,,,yes,,Dodoma,Kongwa_District_Council,,,,,,,,,"-6.077379101,36.6439907",SANKU
,,,,,,yes,,Dodoma,Kongwa_District_Council,,,,,,,,,"-6.0713769,36.641746",SANKU
,,,,,,yes,,Iringa,Iringa_District_Council,,,,,,,,,"-7.7381701,35.6575547",SANKU
,,,,,,yes,,Iringa,Iringa_District_Council,,,,,,,,,"-7.79628102,35.6894568",SANKU
,,,,,,yes,,Iringa,Iringa_District_Council,,,,,,,,,"-7.795791593,35.68957298",SANKU
,,,,,,yes,,Iringa,Iringa_District_Council,,,,,,,,,"-7.790185777,35.70275797",SANKU
,,,,,,yes,,Iringa,Iringa_District_Council,,,,,,,,,"-7.795807477,35.68888097",SANKU
,,,,,,yes,,Iringa,Iringa_District_Council,,,,,,,,,"-7.757689725,35.7087382",SANKU
,,,,,,yes,,Iringa,Iringa_District_Council,,,,,,,,,"-7.791570844,35.69996604",SANKU
,,,,,,yes,,Iringa,Iringa_District_Council,,,,,,,,,"-7.7542426,35.7076007",SANKU
,,,,,,yes,,Iringa,Iringa_District_Council,,,,,,,,,"-7.795702745,35.68906353",SANKU
,,,,,,yes,,Iringa,Iringa_District_Council,,,,,,,,,"-7.780464152,35.68555369",SANKU
,,,,,,yes,,Iringa,Iringa_District_Council,,,,,,,,,"-7.783164801,35.66699138",SANKU
,,,,,,yes,,Iringa,Iringa_District_Council,,,,,,,,,"-7.784632178,35.66180382",SANKU
,,,,,,yes,,Iringa,Iringa_District_Council,,,,,,,,,"-7.791131255,35.7015451",SANKU
,,,,,,yes,,Iringa,Iringa_District_Council,,,,,,,,,"-7.791380198,35.70295477",SANKU
,,,,,,yes,,Iringa,Iringa_District_Council,,,,,,,,,"-7.783360309,35.68190002",SANKU
,,,,,,yes,,Iringa,Iringa_District_Council,,,,,,,,,"-7.774739899,35.70051329",SANKU
,,,,,,yes,,Iringa,Iringa_District_Council,,,,,,,,,"-7.792978375,35.70528838",SANKU
,,,,,,yes,,Iringa,Kilolo_District_Council,,,,,,,,,"-7.980951397,35.83794608",SANKU
,,,,,,yes,,Iringa,Kilolo_District_Council,,,,,,,,,"-7.6789139,36.0393657",SANKU
,,,,,,yes,,Iringa,Mafinga_Town_Council,,,,,,,,,"-8.2182961,35.3707472",SANKU
,,,,,,yes,,Iringa,Mafinga_Town_Council,,,,,,,,,"-8.262503673,35.27523556",SANKU
,,,,,,yes,,Kagera,Bukoba_Municipal_Council,,,,,,,,,"-1.4715537,31.7464393",SANKU
,,,,,,yes,,Kagera,Bukoba_Municipal_Council,,,,,,,,,"-1.465057892,31.73894408",SANKU
,,,,,,yes,,Kagera,Bukoba_District_Council,,,,,,,,,"-1.325582501,31.81080655",SANKU
,,,,,,yes,,Kagera,Bukoba_District_Council,,,,,,,,,"-1.324916667,31.81058167",SANKU
,,,,,,yes,,Kagera,Bukoba_District_Council,,,,,,,,,"-1.325679,31.8105559",SANKU
,,,,,,yes,,Kagera,Bukoba_District_Council,,,,,,,,,"-1.3249214,31.8132779",SANKU
,,,,,,yes,,Kagera,Bukoba_District_Council,,,,,,,,,"-1.3258996,31.8106995",SANKU
,,,,,,yes,,Kagera,Bukoba_District_Council,,,,,,,,,"-1.325781664,31.81044715",SANKU
,,,,,,yes,,Kagera,Bukoba_District_Council,,,,,,,,,"-1.3281728,31.8105786",SANKU
,,,,,,yes,,Kagera,Bukoba_District_Council,,,,,,,,,"-1.324978041,31.81110353",SANKU
,,,,,,yes,,Kagera,Bukoba_District_Council,,,,,,,,,"-1.3074768,31.7736043",SANKU
,,,,,,yes,,Kagera,Bukoba_District_Council,,,,,,,,,"-1.3256269,31.810501",SANKU
,,,,,,yes,,Kagera,Bukoba_District_Council,,,,,,,,,"-1.3247534,31.8108061",SANKU
,,,,,,yes,,Kagera,Kyerwa_District_Council,,,,,,,,,"-1.385845,30.7624821",SANKU
,,,,,,yes,,Kagera,Muleba_District_Council,,,,,,,,,"-1.8777789,31.6492213",SANKU
,,,,,,yes,,Kagera,Muleba_District_Council,,,,,,,,,"-2.2364272,31.4812271",SANKU
,,,,,,yes,,Kagera,Muleba_District_Council,,,,,,,,,"-1.6206122,31.7157797",SANKU
,,,,,,yes,,Kagera,Muleba_District_Council,,,,,,,,,"-1.8033116,31.5531974",SANKU
,,,,,,yes,,Kagera,Muleba_District_Council,,,,,,,,,"-1.6032679,31.7215338",SANKU
,,,,,,yes,,Kagera,Muleba_District_Council,,,,,,,,,"-1.855278831,31.65001367",SANKU
,,,,,,yes,,Kagera,Muleba_District_Council,,,,,,,,,"-1.8531713,31.6497978",SANKU
,,,,,,yes,,Kagera,Ngara_District_Council,,,,,,,,,"-2.5291317,30.7629083",SANKU
,,,,,,yes,,Katavi,Mpanda_District_Council,,,,,,,,,"-6.35725962,31.05687024",SANKU
,,,,,,yes,,Kigoma,Kakonko_District_Council,,,,,,,,,"-3.290440115,30.95192585",SANKU
,,,,,,yes,,Kigoma,Kasulu Town_Council,,,,,,,,,"-4.555097033,30.12162745",SANKU
,,,,,,yes,,Kigoma,Kibondo_District_Council,,,,,,,,,"-3.569628386,30.70934846",SANKU
,,,,,,yes,,Kigoma,Kigoma_District_Council,,,,,,,,,"-4.9037087,29.6695377",SANKU
,,,,,,yes,,Kigoma,Kigoma_District_Council,,,,,,,,,"-4.897787983,29.65448034",SANKU
,,,,,,yes,,Kigoma,Kigoma_District_Council,,,,,,,,,"-4.872701766,29.64957948",SANKU
,,,,,,yes,,Kilimanjaro,Hai_District_Council,,,,,,,,,"-3.3384053,37.1449131",SANKU
,,,,,,yes,,Kilimanjaro,Moshi_Municipal_Council,,,,,,,,,"-3.417906594,37.52501146",SANKU
,,,,,,yes,,Kilimanjaro,Moshi_District_Council,,,,,,,,,"-3.3565041,37.3380666",SANKU
,,,,,,yes,,Kilimanjaro,Moshi_District_Council,,,,,,,,,"-3.35256224,37.31976363",SANKU
,,,,,,yes,,Kilimanjaro,Moshi_District_Council,,,,,,,,,"-3.361467384,37.33504392",SANKU
,,,,,,yes,,Kilimanjaro,Same_District_Council,,,,,,,,,"-4.07775281,37.75765847",SANKU
,,,,,,yes,,Kilimanjaro,Same_District_Council,,,,,,,,,"-4.069256117,37.74444038",SANKU
,,,,,,yes,,Lindi,Lindi_Municipal_Council,,,,,,,,,"-10.3013585,39.3633514",SANKU
,,,,,,yes,,Manyara,Babati_District_Council,,,,,,,,,"-3.3866367,36.726615",SANKU
,,,,,,yes,,Manyara,Babati_Town_Council,,,,,,,,,"-4.254282648,35.7612717",SANKU
,,,,,,yes,,Manyara,Babati_Town_Council,,,,,,,,,"-4.2056117,35.7354117",SANKU
,,,,,,yes,,Manyara,Kiteto_District_Council,,,,,,,,,"-5.479668333,36.38935333",SANKU
,,,,,,yes,,Manyara,Kiteto_District_Council,,,,,,,,,"-5.313038507,36.56391165",SANKU
,,,,,,yes,,Mara,Musoma_District_Council,,,,,,,,,"-1.540331617,33.85032803",SANKU
,,,,,,yes,,Mara,Musoma_District_Council,,,,,,,,,"-1.515380284,33.81829105",SANKU
,,,,,,yes,,Mara,Tarime_Town_Council,,,,,,,,,"-1.3501567,34.3942257",SANKU
,,,,,,yes,,Mbeya,Kyela_District_Council,,,,,,,,,"-9.4992491,33.8801488",SANKU
,,,,,,yes,,Mbeya,Mbeya_City_Council,,,,,,,,,"-8.9249783,33.4077699",SANKU
,,,,,,yes,,Mbeya,Mbeya_City_Council,,,,,,,,,"-8.8960932,33.4447482",SANKU
,,,,,,yes,,Mbeya,Mbeya_City_Council,,,,,,,,,"-8.9377785,33.3556011",SANKU
,,,,,,yes,,Mbeya,Mbeya_City_Council,,,,,,,,,"-8.9359275,33.3574804",SANKU
,,,,,,yes,,Mbeya,Mbeya_City_Council,,,,,,,,,"-8.90823501,33.49073718",SANKU
,,,,,,yes,,Mbeya,Mbeya_City_Council,,,,,,,,,"-8.9113124,33.4609495",SANKU
,,,,,,yes,,Mbeya,Mbeya_City_Council,,,,,,,,,"-8.91420979,33.4545323",SANKU
,,,,,,yes,,Mbeya,Mbeya_City_Council,,,,,,,,,"-8.9092448,33.5144138",SANKU
,,,,,,yes,,Mbeya,Mbeya_District_Council,,,,,,,,,"-8.8960863,33.4447754",SANKU
,,,,,,yes,,Mbeya,Mbeya_District_Council,,,,,,,,,"-8.8807513,33.6066615",SANKU
,,,,,,yes,,Mbeya,Mbeya_District_Council,,,,,,,,,"-8.8807666,33.6067787",SANKU
,,,,,,yes,,Mbeya,Mbeya_District_Council,,,,,,,,,"-8.95658815,33.34551151",SANKU
,,,,,,yes,,Morogoro,Gairo_District_Council,,,,,,,,,"-6.1367879,36.8689496",SANKU
,,,,,,yes,,Morogoro,Ifakara_Town_Council,,,,,,,,,"-8.141462185,36.66993704",SANKU
,,,,,,yes,,Morogoro,Morogoro_Municipal_Council,,,,,,,,,"-6.792812,37.7622062",SANKU
,,,,,,yes,,Morogoro,Morogoro_District_Council,,,,,,,,,"-6.820390854,37.66485259",SANKU
,,,,,,yes,,Morogoro,Morogoro_District_Council,,,,,,,,,"-6.8154683,37.6688681",SANKU
,,,,,,yes,,Morogoro,Morogoro_District_Council,,,,,,,,,"-6.7525602,37.6488069",SANKU
,,,,,,yes,,Morogoro,Morogoro_District_Council,,,,,,,,,"-6.734621193,37.64879391",SANKU
,,,,,,yes,,Morogoro,Morogoro_District_Council,,,,,,,,,"-6.774692065,37.75400658",SANKU
,,,,,,yes,,Morogoro,Morogoro_District_Council,,,,,,,,,"-6.808736748,37.66411459",SANKU
,,,,,,yes,,Morogoro,Morogoro_District_Council,,,,,,,,,"-6.7629047,37.6117073",SANKU
,,,,,,yes,,Morogoro,Morogoro_District_Council,,,,,,,,,"-6.783791233,37.75618211",SANKU
,,,,,,yes,,Morogoro,Morogoro_District_Council,,,,,,,,,"-6.7561682,37.6530704",SANKU
,,,,,,yes,,Morogoro,Morogoro_District_Council,,,,,,,,,"-6.7728833,37.6674379",SANKU
,,,,,,yes,,Morogoro,Morogoro_District_Council,,,,,,,,,"-6.812716014,37.66520339",SANKU
,,,,,,yes,,Morogoro,Morogoro_District_Council,,,,,,,,,"-6.820725118,37.66182045",SANKU
,,,,,,yes,,Morogoro,Morogoro_District_Council,,,,,,,,,"-6.763449549,37.63636644",SANKU
,,,,,,yes,,Morogoro,Morogoro_District_Council,,,,,,,,,"-6.7658064,37.7527834",SANKU
,,,,,,yes,,Morogoro,Morogoro_District_Council,,,,,,,,,"-6.813036825,37.66511037",SANKU
,,,,,,yes,,Morogoro,Morogoro_District_Council,,,,,,,,,"-6.8171374,37.7064713",SANKU
,,,,,,yes,,Morogoro,Morogoro_District_Council,,,,,,,,,"-6.801138637,37.68460239",SANKU
,,,,,,yes,,Morogoro,Morogoro_District_Council,,,,,,,,,"-6.788527867,37.66153402",SANKU
,,,,,,yes,,Morogoro,Morogoro_District_Council,,,,,,,,,"-6.818423754,37.65748006",SANKU
,,,,,,yes,,Morogoro,Morogoro_District_Council,,,,,,,,,"-6.787086204,37.66388028",SANKU
,,,,,,yes,,Morogoro,Morogoro_District_Council,,,,,,,,,"-6.823569688,37.66714702",SANKU
,,,,,,yes,,Morogoro,Morogoro_District_Council,,,,,,,,,"-6.777193685,37.75004994",SANKU
,,,,,,yes,,Morogoro,Morogoro_District_Council,,,,,,,,,"-6.813225464,37.67819463",SANKU
,,,,,,yes,,Morogoro,Morogoro_District_Council,,,,,,,,,"-6.6785941,37.6286664",SANKU
,,,,,,yes,,Morogoro,Morogoro_District_Council,,,,,,,,,"-6.820157975,37.6623883",SANKU
,,,,,,yes,,Morogoro,Morogoro_District_Council,,,,,,,,,"-6.877051564,37.58620195",SANKU
,,,,,,yes,,Morogoro,Morogoro_District_Council,,,,,,,,,"-6.800824,37.6844329",SANKU
,,,,,,yes,,Morogoro,Morogoro_District_Council,,,,,,,,,"-6.798011,37.6906867",SANKU
,,,,,,yes,,Morogoro,Morogoro_District_Council,,,,,,,,,"-6.775228197,37.6591448",SANKU
,,,,,,yes,,Morogoro,Morogoro_District_Council,,,,,,,,,"-6.821294804,37.65934777",SANKU
,,,,,,yes,,Morogoro,Morogoro_District_Council,,,,,,,,,"-6.7916687,37.6787502",SANKU
,,,,,,yes,,Morogoro,Morogoro_District_Council,,,,,,,,,"-6.804664856,37.64932016",SANKU
,,,,,,yes,,Morogoro,Morogoro_District_Council,,,,,,,,,"-6.8162751,37.7107641",SANKU
,,,,,,yes,,Morogoro,Morogoro_District_Council,,,,,,,,,"-6.823400153,37.66620487",SANKU
,,,,,,yes,,Morogoro,Morogoro_District_Council,,,,,,,,,"-6.7464934,37.6412019",SANKU
,,,,,,yes,,Morogoro,Morogoro_District_Council,,,,,,,,,"-6.8017649,37.6703115",SANKU
,,,,,,yes,,Morogoro,Morogoro_District_Council,,,,,,,,,"-6.82223229,37.65962639",SANKU
,,,,,,yes,,Morogoro,Morogoro_District_Council,,,,,,,,,"-6.817598772,37.67846429",SANKU
,,,,,,yes,,Morogoro,Morogoro_District_Council,,,,,,,,,"-6.823287121,37.66690737",SANKU
,,,,,,yes,,Morogoro,Morogoro_District_Council,,,,,,,,,"-6.821981266,37.660278",SANKU
,,,,,,yes,,Morogoro,Morogoro_District_Council,,,,,,,,,"-6.822719229,37.66023478",SANKU
,,,,,,yes,,Morogoro,Morogoro_District_Council,,,,,,,,,"-6.8153781,37.6781153",SANKU
,,,,,,yes,,Morogoro,Morogoro_District_Council,,,,,,,,,"-6.8146514,37.6465903",SANKU
,,,,,,yes,,Morogoro,Morogoro_District_Council,,,,,,,,,"-6.814062668,37.64018793",SANKU
,,,,,,yes,,Morogoro,Morogoro_District_Council,,,,,,,,,"-6.762218742,37.65544441",SANKU
,,,,,,yes,,Morogoro,Morogoro_District_Council,,,,,,,,,"-6.8205328,37.6515429",SANKU
,,,,,,yes,,Morogoro,Morogoro_District_Council,,,,,,,,,"-6.761214063,37.64272973",SANKU
,,,,,,yes,,Morogoro,Morogoro_District_Council,,,,,,,,,"-6.812047668,37.66903293",SANKU
,,,,,,yes,,Morogoro,Morogoro_District_Council,,,,,,,,,"-6.822813761,37.70293029",SANKU
,,,,,,yes,,Morogoro,Morogoro_District_Council,,,,,,,,,"-6.76337562,37.65462978",SANKU
,,,,,,yes,,Morogoro,Morogoro_District_Council,,,,,,,,,"-6.818750233,37.65682076",SANKU
,,,,,,yes,,Morogoro,Morogoro_District_Council,,,,,,,,,"-6.823156047,37.65731276",SANKU
,,,,,,yes,,Morogoro,Morogoro_District_Council,,,,,,,,,"-6.8203593,37.6828855",SANKU
,,,,,,yes,,Morogoro,Morogoro_District_Council,,,,,,,,,"-6.7805394,37.6594494",SANKU
,,,,,,yes,,Morogoro,Mvomero_District_Council,,,,,,,,,"-6.921749225,37.50784385",SANKU
,,,,,,yes,,Morogoro,Mvomero_District_Council,,,,,,,,,"-6.1393758,37.6150584",SANKU
,,,,,,yes,,Mtwara,Masasi_Town_Council,,,,,,,,,"-10.7300012,38.802557",SANKU
,,,,,,yes,,Mtwara,Mtwara_Municipal_Council,,,,,,,,,"-10.26710167,40.056025",SANKU
,,,,,,yes,,Mtwara,Mtwara_District_Council,,,,,,,,,"-10.36564333,40.16172667",SANKU
,,,,,,yes,,Mwanza,Ilemela_Municipal_Council,,,,,,,,,"-2.5223432,32.9535961",SANKU
,,,,,,yes,,Mwanza,Ilemela_Municipal_Council,,,,,,,,,"-2.492756043,32.90642389",SANKU
,,,,,,yes,,Mwanza,Ilemela_Municipal_Council,,,,,,,,,"-2.5241957,32.9689212",SANKU
,,,,,,yes,,Mwanza,Ilemela_Municipal_Council,,,,,,,,,"-2.525092,32.9380255",SANKU
,,,,,,yes,,Mwanza,Ilemela_Municipal_Council,,,,,,,,,"-2.4795982,32.910294",SANKU
,,,,,,yes,,Mwanza,Ilemela_Municipal_Council,,,,,,,,,"-2.480205,32.9104473",SANKU
,,,,,,yes,,Mwanza,Ilemela_Municipal_Council,,,,,,,,,"-2.533026561,32.9314753",SANKU
,,,,,,yes,,Mwanza,Ilemela_Municipal_Council,,,,,,,,,"-2.524644532,32.9128394",SANKU
,,,,,,yes,,Mwanza,Magu_District_Council,,,,,,,,,"-2.5318007,33.3793005",SANKU
,,,,,,yes,,Mwanza,Magu_District_Council,,,,,,,,,"-2.5542034,33.025756",SANKU
,,,,,,yes,,Mwanza,Mwanza_City_Council,,,,,,,,,"-2.5625386,32.9912438",SANKU
,,,,,,yes,,Mwanza,Mwanza_City_Council,,,,,,,,,"-2.5801689,32.9189786",SANKU
,,,,,,yes,,Mwanza,Mwanza_City_Council,,,,,,,,,"-2.5256031,32.9160426",SANKU
,,,,,,yes,,Njombe,Makambako_Town_Council,,,,,,,,,"-8.8393801,34.8340409",SANKU
,,,,,,yes,,Njombe,Makambako_Town_Council,,,,,,,,,"-8.85762718,34.82036753",SANKU
,,,,,,yes,,Njombe,Makambako_Town_Council,,,,,,,,,"-8.846834223,34.82204458",SANKU
,,,,,,yes,,Njombe,Makambako_Town_Council,,,,,,,,,"-8.8571089,34.825476",SANKU
,,,,,,yes,,Njombe,Njombe_Town_Council,,,,,,,,,"-9.377052463,34.80240678",SANKU
,,,,,,yes,,Njombe,Njombe_Town_Council,,,,,,,,,"-9.36063407,34.75810234",SANKU
,,,,,,yes,,Njombe,Njombe_Town_Council,,,,,,,,,"-9.344697227,34.76834055",SANKU
,,,,,,yes,,Njombe,Njombe_Town_Council,,,,,,,,,"-9.3787023,34.7931378",SANKU
,,,,,,yes,,Njombe,Wanging'ombe_District_Council,,,,,,,,,"-9.0598935,34.6431228",SANKU
,,,,,,yes,,Njombe,Wanging'ombe_District_Council,,,,,,,,,"-9.2359896,34.6167918",SANKU
,,,,,,yes,,Pwani,Bagamoyo__District_Council,,,,,,,,,"-6.4463795,38.9003507",SANKU
,,,,,,yes,,Pwani,Bagamoyo__District_Council,,,,,,,,,"-6.463779072,38.87780921",SANKU
,,,,,,yes,,Pwani,Bagamoyo__District_Council,,,,,,,,,"-6.5802216,39.0423805",SANKU
,,,,,,yes,,Pwani,Bagamoyo__District_Council,,,,,,,,,"-6.4466552,38.8987631",SANKU
,,,,,,yes,,Pwani,Chalinze_District_Council,,,,,,,,,"-6.6436077,38.3613102",SANKU
,,,,,,yes,,Pwani,Chalinze_District_Council,,,,,,,,,"-6.635193,38.3415943",SANKU
,,,,,,yes,,Pwani,Chalinze_District_Council,,,,,,,,,"-6.6404504,38.3506022",SANKU
,,,,,,yes,,Pwani,Kibaha_District_Council,,,,,,,,,"-6.7773802,38.7740978",SANKU
,,,,,,yes,,Pwani,Kibaha_Town_Council,,,,,,,,,"-6.7874348,38.9394091",SANKU
,,,,,,yes,,Pwani,Mkuranga_District_Council,,,,,,,,,"-7.100408333,39.21039",SANKU
,,,,,,yes,,Pwani,Mkuranga_District_Council,,,,,,,,,"-7.011995,39.30556833",SANKU
,,,,,,yes,,Pwani,Rufiji_District_Council,,,,,,,,,"-7.950925,38.988365",SANKU
,,,,,,yes,,Rukwa,Kalambo_Municipal_Council,,,,,,,,,"-8.2916258,31.5175543",SANKU
,,,,,,yes,,Rukwa,Sumbawanga_District_Council,,,,,,,,,"-7.9586408,31.6085204",SANKU
,,,,,,yes,,Rukwa,Sumbawanga_District_Council,,,,,,,,,"-7.9574025,31.6146305",SANKU
,,,,,,yes,,Rukwa,Sumbawanga_District_Council,,,,,,,,,"-7.9450365,31.6198795",SANKU
,,,,,,yes,,Rukwa,Sumbawanga_District_Council,,,,,,,,,"-7.9586408,31.6085204",SANKU
,,,,,,yes,,Rukwa,Sumbawanga_District_Council,,,,,,,,,"-7.96262,31.6142258",SANKU
,,,,,,yes,,Ruvuma,Mbinga_District_Council,,,,,,,,,"-10.7509461,35.14894081",SANKU
,,,,,,yes,,Ruvuma,Mbinga_Town_Council,,,,,,,,,"-10.9676237,34.9866469",SANKU
,,,,,,yes,,Ruvuma,Namtumbo_District_Council,,,,,,,,,"-10.5572397,36.2330806",SANKU
,,,,,,yes,,Ruvuma,Namtumbo_District_Council,,,,,,,,,"-10.4934896,36.1137156",SANKU
,,,,,,yes,,Ruvuma,Songea_Municipal_Council,,,,,,,,,"-10.6669316,35.6401245",SANKU
,,,,,,yes,,Ruvuma,Songea_District_Council,,,,,,,,,"-10.676036,35.6130994",SANKU
,,,,,,yes,,Ruvuma,Songea_District_Council,,,,,,,,,"-10.6732532,35.646837",SANKU
,,,,,,yes,,Ruvuma,Songea_District_Council,,,,,,,,,"-10.6726038,35.6449908",SANKU
,,,,,,yes,,Ruvuma,Songea_District_Council,,,,,,,,,"-10.6739569,35.6438727",SANKU
,,,,,,yes,,Ruvuma,Songea_District_Council,,,,,,,,,"-10.6727451,35.6602873",SANKU
,,,,,,yes,,Ruvuma,Songea_District_Council,,,,,,,,,"-10.6458261,35.6553113",SANKU
,,,,,,yes,,Ruvuma,Songea_District_Council,,,,,,,,,"-10.6633725,35.6320852",SANKU
,,,,,,yes,,Ruvuma,Songea_District_Council,,,,,,,,,"-10.610527,35.6587076",SANKU
,,,,,,yes,,Ruvuma,Songea_District_Council,,,,,,,,,"-10.659905,35.632103",SANKU
,,,,,,yes,,Ruvuma,Songea_District_Council,,,,,,,,,"-10.6764012,35.613463",SANKU
,,,,,,yes,,Ruvuma,Songea_District_Council,,,,,,,,,"-10.6669817,35.6402787",SANKU
,,,,,,yes,,Shinyanga,Kahama_Town_Council,,,,,,,,,"-3.873615,32.76517333",SANKU
,,,,,,yes,,Shinyanga,Kahama_Town_Council,,,,,,,,,"-3.823618333,32.59841333",SANKU
,,,,,,yes,,Shinyanga,Kahama_Town_Council,,,,,,,,,"-3.8220023,32.5951577",SANKU
,,,,,,yes,,Shinyanga,Kishapu_District_Council,,,,,,,,,"-3.6215738,33.8081695",SANKU
,,,,,,yes,,Shinyanga,Kishapu_District_Council,,,,,,,,,"-3.5512834,33.5562085",SANKU
,,,,,,yes,,Shinyanga,Kishapu_District_Council,,,,,,,,,"-3.7505768,33.9537505",SANKU
,,,,,,yes,,Shinyanga,Msalala_District_Council,,,,,,,,,"-3.908726667,32.94074167",SANKU
,,,,,,yes,,Shinyanga,Shinyanga_District_Council,,,,,,,,,"-3.672615558,33.42084606",SANKU
,,,,,,yes,,Shinyanga,Shinyanga_District_Council,,,,,,,,,"-3.672891667,33.41876167",SANKU
,,,,,,yes,,Shinyanga,Shinyanga_District_Council,,,,,,,,,"-3.674413333,33.4048",SANKU
,,,,,,yes,,Shinyanga,Shinyanga_District_Council,,,,,,,,,"-3.67263,33.4189754",SANKU
,,,,,,yes,,Simiyu,Bariadi_Town_Council,,,,,,,,,"-2.66933739,33.99182096",SANKU
,,,,,,yes,,Simiyu,Busega_DIstrict_Council,,,,,,,,,"-2.246697228,33.85202696",SANKU
,,,,,,yes,,Simiyu,Meatu_District_Council,,,,,,,,,"-3.5277177,34.3129715",SANKU
,,,,,,yes,,Singida,Itigi_District_Council,,,,,,,,,"-5.688876095,34.49614042",SANKU
,,,,,,yes,,Singida,Singida_District_Council,,,,,,,,,"-4.837955344,34.75062003",SANKU
,,,,,,yes,,Singida,Singida_District_Council,,,,,,,,,"-4.839383,34.7534392",SANKU
,,,,,,yes,,Singida,Singida_District_Council,,,,,,,,,"-4.8295636,34.758267",SANKU
,,,,,,yes,,Songwe,Mbozi_District_Council,,,,,,,,,"-9.22819931,32.84615819",SANKU
,,,,,,yes,,Songwe,Mbozi_District_Council,,,,,,,,,"-9.0111884,32.9923674",SANKU
,,,,,,yes,,Songwe,Mbozi_District_Council,,,,,,,,,"-9.02731395,32.9912023",SANKU
,,,,,,yes,,Songwe,Mbozi_District_Council,,,,,,,,,"-8.8960379,33.4452074",SANKU
,,,,,,yes,,Songwe,Mbozi_District_Council,,,,,,,,,"-9.23326354,32.84328505",SANKU
,,,,,,yes,,Songwe,Mbozi_District_Council,,,,,,,,,"-9.01004171,32.97441865",SANKU
,,,,,,yes,,Songwe,Mbozi_District_Council,,,,,,,,,"-9.0085125,33.0024229",SANKU
,,,,,,yes,,Songwe,Mbozi_District_Council,,,,,,,,,"-9.0097756,33.0028964",SANKU
,,,,,,yes,,Songwe,Mbozi_District_Council,,,,,,,,,"-9.0161962,32.9981351",SANKU
,,,,,,yes,,Songwe,Mbozi_District_Council,,,,,,,,,"-9.14222891,32.88845411",SANKU
,,,,,,yes,,Songwe,Mbozi_District_Council,,,,,,,,,"-9.01941459,32.99907392",SANKU
,,,,,,yes,,Songwe,Mbozi_District_Council,,,,,,,,,"-9.0599454,32.970639",SANKU
,,,,,,yes,,Songwe,Tunduma Township,,,,,,,,,"-9.2545369,32.8385944",SANKU
,,,,,,yes,,Songwe,Tunduma Township,,,,,,,,,"-9.2565536,32.8364793",SANKU
,,,,,,yes,,Songwe,Tunduma Township,,,,,,,,,"-9.2565536,32.8364793",SANKU
,,,,,,yes,,Songwe,Tunduma Township,,,,,,,,,"-9.28644895,32.81890079",SANKU
,,,,,,yes,,Songwe,Tunduma Township,,,,,,,,,"-9.2847133,32.7562469",SANKU
,,,,,,yes,,Tabora,Kaliua_District_Council,,,,,,,,,"-5.0623374,31.3271457",SANKU
,,,,,,yes,,Tabora,Kaliua_District_Council,,,,,,,,,"-4.9296691,31.6487126",SANKU
,,,,,,yes,,Tabora,Nzega_Town_Council,,,,,,,,,"-4.2156367,33.1899497",SANKU
,,,,,,yes,,Tabora,Nzega_Town_Council,,,,,,,,,"-4.2245509,33.1996383",SANKU
,,,,,,yes,,Tabora,Sikonge_District_Council,,,,,,,,,"-5.6165129,32.7451469",SANKU
,,,,,,yes,,Tabora,Sikonge_District_Council,,,,,,,,,"-5.6150327,32.7400429",SANKU
,,,,,,yes,,Tabora,Sikonge_District_Council,,,,,,,,,"-5.6148369,32.7502736",SANKU
,,,,,,yes,,Tabora,Tabora_District_Council,,,,,,,,,"-5.010983333,32.834605",SANKU
,,,,,,yes,,Tabora,Tabora_District_Council,,,,,,,,,"-5.00886,32.82787333",SANKU
,,,,,,yes,,Tabora,Tabora_District_Council,,,,,,,,,"-5.022048291,32.80052348",SANKU
,,,,,,yes,,Tabora,Tabora_District_Council,,,,,,,,,"-5.014765,32.81683333",SANKU
,,,,,,yes,,Tabora,Urambo_District_Council,,,,,,,,,"-5.065716667,32.066755",SANKU
,,,,,,yes,,Tabora,Urambo_District_Council,,,,,,,,,"-5.08058,32.06933333",SANKU
,,,,,,yes,,Tanga,Bumbuli_District_Council,,,,,,,,,"-4.846634095,38.36736837",SANKU
,,,,,,yes,,Tanga,Handeni_Town_Council,,,,,,,,,"-5.324294,38.5548925",SANKU
,,,,,,yes,,Tanga,Handeni_Town_Council,,,,,,,,,"-5.8034067,38.2929633",SANKU
,,,,,,yes,,Tanga,Korogwe_Town_Council,,,,,,,,,"-5.133493951,38.45489097",SANKU
,,,,,,yes,,Tanga,Korogwe_Town_Council,,,,,,,,,"-5.1568014,38.4577948",SANKU
,,,,,,yes,,Tanga,Korogwe_Town_Council,,,,,,,,,"-5.142442499,38.43307791",SANKU
,,,,,,yes,,Tanga,Muheza_District_Council,,,,,,,,,"-5.1852699,38.7873132",SANKU
,,,,,,yes,,Tanga,Muheza_District_Council,,,,,,,,,"-5.134527,38.9020727",SANKU
,,,,,,yes,,Tanga,Pangani_District_Council,,,,,,,,,"-5.4146867,38.97881",SANKU
,,,,,,yes,,Tanga,Tanga_City_Council,,,,,,,,,"-5.081139298,39.09406691",SANKU
,,,,,,yes,,Tanga,Tanga_City_Council,,,,,,,,,"-5.081863873,39.09954517",SANKU
,,,,,,yes,,Tanga,Tanga_City_Council,,,,,,,,,"-5.082059013,39.09822765",SANKU
,,,,,,yes,,Tanga,Tanga_City_Council,,,,,,,,,"-5.08173545,39.09014003",SANKU
,,,,,,yes,,Tanga,Tanga_City_Council,,,,,,,,,"-5.0863933,39.0841833",SANKU
,,,,,,yes,,Tanga,Tanga_City_Council,,,,,,,,,"-5.0850448,39.1031363",SANKU
,,,,,,yes,,Tanga,Tanga_City_Council,,,,,,,,,"-5.0787216,39.093373",SANKU
,,,,,,yes,,Tanga,Tanga_City_Council,,,,,,,,,"-5.0818433,39.0985083",SANKU
,,,,,,yes,,Tanga,Tanga_City_Council,,,,,,,,,"-5.082292938,39.09836266",SANKU
,,,,,,yes,,Tanga,Tanga_City_Council,,,,,,,,,"-5.081177916,39.09403449",SANKU
,,,,,,yes,,Tanga,Tanga_City_Council,,,,,,,,,"-5.081271971,39.09405439",SANKU
,,,,,,yes,,Tanga,Tanga_City_Council,,,,,,,,,"-5.08118165,39.09439823",SANKU
,,,,,,yes,,Tanga,Tanga_City_Council,,,,,,,,,"-5.081760323,39.09562507",SANKU
,,,,,,yes,,Tanga,Tanga_City_Council,,,,,,,,,"-5.081325,39.09661",SANKU